<?xml version="1.0" encoding="UTF-8"?>
<!DOCTYPE mapper
        PUBLIC "-//mybatis.org//DTD Mapper 3.0//EN"
        "http://mybatis.org/dtd/mybatis-3-mapper.dtd">
<mapper namespace="generator.mapper.LivingpaymentMapper">

    <resultMap id="BaseResultMap" type="generator.pojo.Livingpayment">
            <id property="paymentid" column="PaymentID" jdbcType="INTEGER"/>
            <result property="userid" column="UserID" jdbcType="INTEGER"/>
            <result property="paymenttype" column="PaymentType" jdbcType="OTHER"/>
            <result property="amount" column="Amount" jdbcType="DECIMAL"/>
            <result property="paymentdate" column="PaymentDate" jdbcType="TIMESTAMP"/>
            <result property="status" column="Status" jdbcType="OTHER"/>
    </resultMap>

    <sql id="Base_Column_List">
        PaymentID,UserID,PaymentType,
        Amount,PaymentDate,Status
    </sql>
</mapper>
