<?xml version="1.0" encoding="UTF-8"?>
<!DOCTYPE mapper
        PUBLIC "-//mybatis.org//DTD Mapper 3.0//EN"
        "http://mybatis.org/dtd/mybatis-3-mapper.dtd">
<mapper namespace="generator.mapper.VisitorsMapper">

    <resultMap id="BaseResultMap" type="generator.pojo.Visitors">
            <id property="visitid" column="VisitID" jdbcType="INTEGER"/>
            <result property="visitname" column="VisitName" jdbcType="VARCHAR"/>
            <result property="visitphone" column="VisitPhone" jdbcType="VARCHAR"/>
            <result property="visitdate" column="VisitDate" jdbcType="TIMESTAMP"/>
            <result property="visitreason" column="VisitReason" jdbcType="VARCHAR"/>
    </resultMap>

    <sql id="Base_Column_List">
        VisitID,VisitName,VisitPhone,
        VisitDate,VisitReason
    </sql>
</mapper>
